OccStat,StdEduc,Incentive1,Incentive2,perf1,perf2,Gender
-6.227089148,19.96720689,7.193209117,5.459080984,8.099819623,7.833284411,0
-6.078079983,18.85302522,1.611299526,4.678866658,8.230798694,7.503183509,0
-5.241615396,17.21393266,7.949921274,8.030014254,9.120237367,6.747409992,0
-5.1381835,17.1237598,4.801436965,.653989027,.547571721,1.929421883,0
-4.992707844,21.07790212,9.350889425,7.450466303,5.523225224,5.202003365,1
-4.532189193,17.95682232,3.365949809,6.202682567,9.119264313,7.524101423,1
-4.276958252,17.33906554,5.5082167,5.749830616,6.137013791,4.286504062,1
-4.274921684,17.05279586,4.446769535,4.653877638,2.969470737,5.570275203,0
-4.254078608,19.46546612,7.689014692,3.601424685,5.701384018,6.641211454,1
-4.172352511,18.73925591,6.335106112,7.052962655,4.459562379,3.011474308,0
-4.157947607,17.50529325,3.739342687,3.354346257,9.413504053,4.620163921,0
-4.145813514,19.262966,4.335846465,7.85163512,1.738608971,4.415497106,0
-4.132329678,16.54048807,5.97058111,8.052513659,3.639550173,1.869415336,1
-3.952023674,18.4251774,3.796441149,6.760209069,4.515070243,2.788581093,0
-3.87823768,18.18403016,8.435114995,4.740014064,7.40322465,4.092476991,1
-3.741018117,23.35011004,.7504144,4.530472593,3.843487533,3.971808577,1
-3.710574455,17.30908875,4.203415668,4.974240236,7.981097967,5.045449992,0
-3.676165608,16.89401531,9.978170444,7.982421532,15.07802971,13.55347104,1
-3.645682883,20.56771011,.743441524,1.841528653,3.488252054,5.54038873,1
-3.407238355,18.97746955,6.829082178,6.752262487,7.301983351,2.19884376,1
-3.253749273,19.61036282,4.865138998,7.282238283,6.403196761,9.956279987,0
-3.248656705,17.71046791,9.825770522,4.830182394,4.797306497,2.284888514,1
-3.221712857,19.60966582,10.86934589,7.07116434,9.707691341,8.01414346,1
-3.217952271,21.07668015,6.294498638,5.518417568,8.664922254,6.018245647,0
-3.194377191,19.09172861,5.592807504,5.609690879,6.535888253,4.340353481,0
-3.189364496,20.08922172,11.02101,10.63158194,9.615408108,7.731512662,0
-3.115081524,20.46155321,4.969961178,5.598393847,2.704083003,1.554453631,1
-3.009401734,20.61903383,4.684475518,8.051978137,6.337948398,8.350320168,0
-2.99493092,19.40468903,-.506108744,1.908132352,6.294395124,5.56292713,1
-2.813561994,20.94965585,6.590942504,1.978055755,6.726873689,3.237536217,1
-2.808375593,17.41520924,5.854175403,8.143139194,8.64968167,2.517629647,1
-2.784809907,19.41474741,8.662508587,10.98543037,2.082861016,8.886729855,0
-2.714475823,18.0313359,7.062612486,5.873157141,7.842691265,8.525007126,1
-2.394674882,17.50613314,7.598544576,9.424587785,3.293580944,6.849106963,0
-2.389117789,20.43241084,2.423387881,-.32502265,8.020399317,3.872757625,1
-2.35898843,21.33136753,-2.80807789,2.867310219,6.955522428,6.517556396,1
-2.307772241,21.20565803,7.252452052,1.678596311,2.700975454,5.065904743,1
-2.303129666,21.47620112,-1.152458661,-.336802859,1.516890085,1.224642145,1
-2.284660998,16.01051483,7.011597365,6.560192598,10.74973775,7.819562983,1
-2.252450879,17.07286353,7.589999632,5.299657305,2.313045307,2.13079852,1
-2.242097863,22.15933369,8.553578122,5.195104577,8.741286297,9.615251553,1
-2.214639728,21.79540948,.833932157,.610222868,5.164152287,4.256995308,1
-2.202401528,24.30356872,8.231144534,7.616255889,11.66760901,7.961379352,1
-2.19999674,19.14897788,.54722091,4.178668072,1.748908471,1.940900297,0
-2.152547669,21.02218138,4.015433942,2.333959013,4.143521464,4.117793384,1
-2.105217834,15.7033572,11.60465618,10.05618284,9.450502983,5.416082705,1
-2.084146136,18.83928756,3.601110239,2.934874239,11.01468551,6.73521488,1
-2.079577591,20.00074294,9.536035929,3.282226654,6.027332702,6.047868111,0
-2.075796112,18.12371488,2.417096319,.953953566,3.38476951,2.722292356,0
-2.043658123,18.64246256,3.39405492,7.578055452,-3.984429208,.415803,0
-1.998230327,17.53078158,4.089558333,6.426708924,11.24240418,6.134582057,0
-1.950808019,16.4351161,10.38098271,7.746091905,2.368354592,4.406238512,0
-1.877972629,21.52423295,6.754386538,5.682981749,6.047000508,5.764701653,0
-1.877707353,19.15978967,4.905892218,4.818845717,7.754234198,8.668183612,0
-1.86819999,19.89428762,1.221775907,6.416821928,5.035692109,3.749492649,0
-1.794195573,18.98328739,6.761686209,7.438874212,8.36148225,6.125389724,0
-1.762936623,17.50555748,9.900340035,2.805826121,7.897106798,3.686489352,1
-1.761147667,21.38662476,7.10191169,7.415719054,2.759581693,7.14494903,0
-1.704513191,15.73958203,7.833189195,9.283229281,10.92722709,5.729850471,1
-1.629219928,18.71401831,4.249141374,5.64914411,.844231732,4.049554043,0
-1.583636896,17.46037678,8.626384674,6.924664781,5.595552157,6.798873606,1
-1.572974104,24.00181119,6.119921299,4.113551345,3.612644048,4.827668602,0
-1.567566326,18.29146347,5.40301952,6.107471464,10.54052081,5.611115405,0
-1.559607496,22.15387974,3.240824859,3.28312363,4.203618196,1.241348404,0
-1.543765156,16.87128187,7.245068294,6.928656271,5.825250322,3.292508271,0
-1.542449006,18.09208157,-.19268879,.569783541,5.884985959,5.291349093,0
-1.526167013,18.024694,7.186812448,8.451908092,3.652262035,3.827422601,0
-1.510199687,17.01597467,10.48301326,5.603079307,11.28246959,7.419979797,0
-1.483869141,20.04859869,8.021156359,7.793532456,11.19145493,10.01341405,1
-1.477480428,19.59768705,7.634474863,5.372589761,10.13161875,3.221360925,0
-1.472835968,20.59947739,5.993371267,7.907966027,7.123539118,9.133993365,0
-1.46676421,20.3470144,3.683826318,3.677849146,5.883097044,3.510556107,1
-1.4054764,20.20463472,5.232913432,7.141166155,9.172497495,7.553893769,1
-1.392873106,17.10631102,4.375270451,7.108875489,6.265918127,7.431175747,0
-1.343943938,20.11230225,4.783785526,3.797215674,2.838976894,6.584266056,0
-1.291733903,18.31785844,3.845276301,4.883667794,6.524586715,7.199769582,1
-1.261422712,21.28209471,9.087738662,7.784676073,7.007708629,3.43205995,0
-1.22654244,17.19022798,7.222852652,6.716713861,10.5813323,4.873095404,1
-1.181566074,17.40169074,8.781053636,5.134905444,8.961311922,6.567785966,0
-1.110690009,21.62034674,1.009126939,4.216034166,1.9656901,4.57071077,1
-1.094532758,23.08012699,4.738385374,5.491523095,6.955773072,3.247849104,1
-1.080319017,18.93340539,5.276753282,.976798877,5.466496374,.157104523,0
-1.067533524,18.94881759,10.10249337,9.850204497,10.48670989,10.23788608,1
-1.057753772,21.16930365,5.007377259,.839055961,7.140299175,5.259480355,1
-1.043359729,19.53866088,8.345261003,8.884230188,11.25384683,7.200731487,0
-1.030350086,22.2935963,4.810322009,1.727127853,7.2631123,1.487729587,0
-1.021094252,22.20730239,2.744480935,5.87060267,5.495217481,2.499562014,1
-1.01898738,20.0573297,3.734127137,4.512664799,2.0548109,4.320817427,1
-1.016509198,17.19508771,13.63922637,5.334835186,13.82413569,9.703947922,1
-1.007983445,20.10583027,3.505779328,.481153046,6.806739276,2.8461444,1
-1.00764987,19.77865521,6.940755065,2.578837396,6.807058294,5.656424978,0
-.978993865,19.89330683,5.20929,2.924419291,7.096146841,4.693951685,0
-.966911348,20.84590406,1.782052572,2.921695725,3.676489185,3.681147671,1
-.960193415,21.71628554,2.584111755,1.97010847,5.624201053,2.915822372,1
-.951522792,24.00601034,2.923708243,-.7767133,3.188699157,4.067608887,1
-.936315914,18.4026714,7.568241442,8.325498246,12.58668922,9.499150556,0
-.921536129,21.45293779,3.826639206,4.610217381,4.343988432,3.033313668,1
-.915393684,19.26811547,5.979758344,2.190461152,1.727894742,4.521565833,1
-.914361163,18.8361991,1.048904128,1.227682529,2.582370508,3.537669379,1
-.899575757,20.16983884,4.923358231,3.928626515,4.782253429,8.385361242,1
-.881318545,20.43040253,6.757951152,2.285496756,-.483972227,.343348403,1
-.878069718,22.3173342,8.814818887,5.593202126,6.297125146,7.928196512,0
-.87150792,22.56399347,4.295890062,1.262017769,3.238241471,1.497730524,0
-.854812061,18.56890347,1.587497551,2.228703735,3.051060379,6.418018592,0
-.80929426,22.25580913,3.881832436,6.432100584,3.48729018,4.168767203,0
-.805254733,18.54286592,3.205697664,4.144754168,1.689560633,-.117838767,0
-.795026468,21.61900212,-.028929718,-.430385766,1.345933843,4.291959866,1
-.745954688,19.50855612,5.418191238,4.094244437,3.015022752,.991584446,1
-.709763811,21.08486544,6.658832026,9.41754104,7.874567177,6.299471651,1
-.70927747,21.2267713,1.669080011,3.965132959,3.58771043,6.430790057,0
-.688244555,19.69236442,3.308626432,4.626780183,4.503166573,3.229200731,0
-.62088535,19.55123247,8.823152845,.725317394,5.085401757,3.684261309,1
-.610768171,17.5924801,5.1810094,8.251945874,8.863131033,9.503251618,0
-.594405584,20.41773306,8.402237029,7.07222249,2.889116056,3.060507329,0
-.59330506,20.50487151,3.610612083,1.139385672,1.547447579,1.920577622,1
-.571517074,17.20170688,4.152333644,1.174477054,5.581036829,6.856367468,0
-.569719875,16.98315036,4.216689273,6.901946655,.727280693,8.737314842,0
-.568749613,15.77033822,7.754161655,5.427527837,6.602984721,7.894840742,0
-.557506021,20.07269076,8.983362293,11.05928106,8.583265262,10.66986334,1
-.553374869,17.80549757,3.715553428,5.596208459,4.435728159,8.208112253,0
-.511444825,19.88044136,2.094347998,.382515128,-2.729854849,1.93542104,1
-.511437988,19.61409023,1.071356694,1.760517513,6.717762614,8.574259837,0
-.501602195,20.80413662,6.569835115,6.8448244,7.00540562,5.280581407,0
-.497965046,22.88930533,4.661587103,2.543161661,10.89209161,9.500173848,0
-.469983805,21.94159225,9.127868019,10.04165393,3.248547684,1.236903453,1
-.455672673,20.4640808,7.422854603,6.685807867,2.712954192,5.99237736,1
-.431771355,21.69368087,9.145279219,5.790796103,.456376695,3.910943827,0
-.418394414,18.89694714,3.648780043,5.258451572,.072827982,2.245929703,0
-.404940222,19.65012231,4.172588115,2.717443026,2.128345972,5.379530203,0
-.38030975,19.3479823,1.535912129,1.602464173,4.788944629,3.965015055,0
-.372529081,17.51568817,4.016399204,4.589475137,2.342650777,1.81828068,0
-.366128562,20.76963645,6.056780257,4.975712458,6.201911935,6.589996016,1
-.340083101,18.76286726,2.680723796,4.84951157,3.061430043,5.984053972,0
-.33909014,17.72599482,1.237757419,.528408035,5.485222479,2.24765126,1
-.325049069,19.87495575,6.39684917,1.494889774,6.069500817,3.31406802,0
-.317430901,21.84885346,3.931496417,4.174709595,3.738612446,3.917970597,1
-.303020999,18.24854691,6.696453498,7.188903486,3.948723675,4.115913089,0
-.301506706,14.14021566,10.54431214,3.946380762,12.22625533,9.477111723,0
-.301435737,20.21639397,6.820023413,5.67196369,9.835188487,6.769764099,1
-.277109866,18.1687595,5.153979704,4.357788698,5.060757797,1.503922665,1
-.266188844,16.96030735,11.97225035,10.47904614,13.12144366,9.70916537,1
-.265122528,21.06815733,5.12565524,5.703379941,3.706467995,3.487086477,0
-.258283469,21.43828978,12.21932351,8.878180908,8.643792045,4.732536412,0
-.257484529,20.72162684,-.661738268,-2.034206995,3.90484664,6.843893081,0
-.229971998,24.02504293,3.307482144,5.332358224,6.176502812,3.132158846,1
-.187666825,19.9820097,7.514151883,8.693740389,3.33801122,1.805154594,1
-.156527033,19.8076563,5.327059499,1.311127732,4.126722384,-.312895595,0
-.143062948,21.75496672,6.031823048,5.740441371,-.128468964,4.198382214,0
-.142931106,20.13580223,4.180689208,4.976452855,1.520315424,1.468144157,0
-.133688183,21.38364915,13.234194,7.812012004,11.85155585,9.085769576,1
-.077617632,20.55231665,5.773427949,4.463842236,5.030718448,3.253624118,0
-.07722022,20.07262656,12.78117227,6.877099666,5.6375306,5.29530731,1
-.036395307,20.60273092,3.634096306,1.064875656,5.854757407,5.374463108,1
-.035969938,18.6850551,15.63464501,12.2034505,11.98089949,10.9292653,1
-.033568838,18.03948457,10.14253946,10.53953352,8.319962648,3.805729595,1
.001610202,23.42226367,-.006135993,1.483688838,2.529033072,1.301420438,0
.007349744,22.5350255,11.92954719,9.204727551,10.20071438,8.113843794,0
.007623123,22.38565989,4.579921032,6.05897014,5.040715396,3.855549953,0
.013045578,19.8156957,4.904006549,7.457511323,10.07339047,8.510034676,1
.022026472,18.94710757,5.80787127,6.412070371,2.763218495,.91993361,0
.023724021,19.98951674,3.028502063,-.599399298,.110054153,.142052797,1
.025437776,20.76811669,.338651695,4.804301769,4.935519304,8.099813292,0
.025781115,23.40679188,1.889141808,1.698021093,2.541890036,-.99546987,1
.030838815,21.155426,2.398427101,2.507642942,-1.09662334,4.454657961,1
.04568091,19.1458351,5.29943413,2.243310384,8.862433295,3.685734044,1
.04783729,19.80682897,-.677368092,1.270372975,.271167406,3.409121356,1
.070654276,18.92487689,7.221195668,4.405701804,6.843930183,3.906730043,0
.089707198,20.88627365,3.01226627,1.577672643,5.416953155,2.90659949,1
.095260582,22.61477565,2.472226399,.685896161,7.975633276,3.377235495,0
.096001521,20.30635287,3.113813748,5.773455838,.587379941,3.509622544,1
.100563278,16.44033308,8.299385264,7.439381415,9.350782441,5.777980544,0
.101292691,21.71936572,8.432231528,5.808935436,3.67544103,4.439600382,0
.171568187,19.02031147,9.129677668,6.599004503,6.182709148,3.926905319,0
.175776973,20.88833449,3.726749728,7.520481997,8.291876459,11.22947123,0
.178610122,18.23089855,-2.418248835,.618758947,4.887962001,5.035095108,1
.188851713,24.27392408,1.346757268,-.371575399,4.048059567,5.679157026,0
.198959913,22.74090665,7.293570316,4.489898296,3.409728567,1.406868206,0
.203682103,21.03937527,5.252390208,.751231266,8.646638677,5.846870904,0
.21002251,19.53854279,5.345681523,4.716681238,6.193417046,4.764105549,1
.228156199,20.34599852,-.095704499,1.300635921,5.349185808,3.085516228,1
.23581127,16.86619691,9.864291626,8.600668672,7.394767569,9.998313701,1
.254564934,18.83677498,1.342511363,1.386828301,-1.324984458,-1.016654726,1
.260540233,23.06988757,2.66570677,.592791224,7.248326975,8.287635597,0
.265794988,19.17136675,-2.545409637,-1.652291765,1.289101983,-2.386687264,1
.284037258,17.87921421,7.296623631,5.762261161,3.142804894,4.374609952,1
.302579265,17.37717717,8.567510118,7.551108309,6.065601765,5.532627193,1
.314645743,19.0214061,5.87136073,8.157069103,4.337186898,6.707753023,0
.320048029,24.47810522,3.915289446,.650481849,.908486724,1.534828998,0
.325470596,18.30783856,9.389187442,6.580506154,8.899094238,6.296795504,0
.333942741,19.25353179,7.432300318,1.965912673,2.778597638,3.36858073,0
.36767152,23.03431657,7.584760207,4.513240234,8.923097224,7.24070556,0
.388187102,18.7736569,2.906361906,2.648580396,4.88567357,6.356885922,0
.393833002,20.86617445,7.669148878,2.944299877,2.43866789,10.27815596,0
.394973439,21.33159768,2.504118462,3.199675596,2.136607462,2.467091696,1
.414633317,22.14632885,3.457697771,1.728858529,1.290256789,-1.528304667,1
.423179541,20.30291555,8.354737671,1.929998645,5.955289358,4.421483058,0
.433706934,19.29332776,3.326853494,3.49407376,4.441341981,2.083515098,1
.441379445,18.98344205,3.750429414,5.864211357,4.632710341,3.90536239,0
.458870983,21.71554381,10.0786312,3.103452434,4.1978942,3.70738035,1
.460931224,19.78295001,7.970455175,6.55088159,12.08553754,6.398399998,1
.462188646,20.07253262,4.640567069,3.45804986,3.270374512,5.609274799,0
.464331866,18.03430443,6.727017955,6.2675954,5.49042196,2.930156314,0
.480354381,21.56497326,1.964506241,5.255630542,-1.809526737,1.609119824,0
.484116779,22.3700779,2.77124783,6.248962147,2.247990716,7.110896884,0
.485185677,19.94586633,3.839408681,6.468632612,3.745946137,5.819946115,0
.486089838,23.17582082,-1.411029329,-.081183906,-.327979882,.048685879,0
.502236661,21.05636071,4.71206715,5.867008638,5.524903433,6.775786067,1
.514209704,20.18338762,2.663352215,5.251385633,7.61702338,5.357775967,0
.528354992,19.24815911,7.497939253,8.904675138,4.097109559,5.049701853,1
.548749644,22.40150217,3.651580571,6.927305774,5.779512634,3.109529409,1
.549758397,18.99051263,.120277267,-1.704602576,3.098825277,6.129653965,0
.565806036,20.9366569,7.056026177,3.943861715,1.796825773,8.333252943,1
.570574533,17.60495186,5.58007802,10.3115573,6.629630989,6.446266995,1
.623417664,20.17507396,2.578463398,9.311754821,7.727903165,3.278288954,1
.629400567,18.15848143,.007006194,2.878746882,7.651225274,3.358453309,1
.633698033,23.74672081,4.133697253,6.268467007,.751996846,5.389981826,1
.638172792,19.42966192,7.288437244,.950296184,5.582242574,3.921073283,1
.644342177,16.66493372,6.774162735,4.096881433,8.154586528,5.972826886,0
.669248813,23.84857225,2.286381213,-.316086924,7.260926526,4.618071026,1
.670690153,20.32688827,2.258492894,3.424677719,4.256903227,3.71029848,1
.673731179,21.25897792,8.535398852,6.064506486,5.90381363,8.551257906,1
.681116742,22.3490809,1.741829835,4.29418162,4.182340232,3.295136525,1
.700086299,19.09400097,3.87217949,4.943735923,5.56625923,4.555506346,1
.700315224,21.02438665,5.171756202,4.851777474,10.24090734,7.02523624,1
.703523848,19.82233177,7.142157845,5.020585439,10.76690214,6.306139304,0
.724182356,19.26561373,7.995194918,6.251580761,3.767607038,1.797311481,1
.734073519,20.93738838,4.452179711,6.682365066,3.063168533,4.570551396,1
.738426025,17.08329906,7.676025774,4.659506905,2.455891614,1.89010166,1
.744334829,20.08084714,6.452768968,4.927573921,8.726883907,3.307990678,1
.745813582,20.62153875,7.144029049,7.103210816,7.83754866,4.459944392,1
.755437899,17.9596807,5.381718839,3.509134058,4.09815223,6.00542757,0
.764470403,21.01306548,3.279723131,.158530417,4.190736685,-2.528971869,1
.772045586,18.16042483,9.214215548,7.857998113,7.699907158,5.791650425,1
.772233892,22.42016071,4.948367041,6.103368259,.681004408,2.046711558,1
.773499051,25.29394336,-1.635291184,.094428882,1.705570539,.587904294,0
.773545228,19.87094802,4.643240028,4.169328413,3.916009644,3.487542553,1
.7865065,21.85119546,5.043182778,-3.180809419,7.102189546,4.869626827,0
.78679057,23.77650443,4.930067713,4.043549346,3.368269784,3.209831894,1
.791354408,20.37846368,3.539291541,3.526211325,2.702754266,8.134807253,1
.79907161,19.62657416,7.313821093,7.899521744,6.55915269,4.279061503,1
.809175245,19.61492322,5.649427623,2.27318294,5.698229063,4.642634944,1
.814195593,20.66883011,5.158400628,3.961978197,10.16124494,7.894643698,1
.816034636,17.69003614,5.093196003,1.095139185,10.89166777,6.599794658,1
.830442651,19.23465028,5.118415666,5.277850361,7.904578273,4.365369707,1
.836764096,20.22219458,4.47906522,5.202104241,1.836324843,2.040280324,1
.836921008,22.02447109,2.938099036,4.867482847,1.971799444,1.587182502,1
.872380988,22.70830276,4.196262493,.223670128,3.193234005,6.896742414,0
.881084626,21.61486665,3.61526684,4.788408271,5.319858134,4.583967538,0
.886024985,19.03290259,1.295907227,4.425361043,4.855353704,1.876541118,1
.890666896,16.67837648,7.917817139,7.590139608,5.354966683,4.1794647,0
.906403809,19.43254024,3.518133814,3.555054143,4.58113657,5.782452738,0
.909344025,19.83806086,1.084008252,4.280899673,.624048957,3.139638671,0
.913067025,20.1475004,2.304178975,2.668170548,7.433551088,3.280650462,0
.922044969,21.02987925,9.494205975,2.368682868,6.297814148,3.785214801,1
.946283402,19.65584172,5.806199686,.804555839,6.728567711,6.152949563,0
.96105788,21.67701584,8.799627724,5.415508303,4.266551664,.616252369,1
.977593299,20.44406028,7.236653535,6.322757462,5.44655784,6.010259638,1
.997816256,19.50071187,1.306665858,-3.044515154,.989203037,1.588209,0
1.007148979,21.57676606,1.267958769,3.007977182,1.208636126,2.36121293,0
1.011001631,20.69274253,2.426688652,1.464568664,2.759099862,-.153027312,0
1.048496538,23.50232546,11.05755812,7.831813064,4.70621273,7.327414472,0
1.062973636,23.48201936,-3.092441008,-3.243840162,3.243133105,-1.986045402,0
1.064680465,19.00433836,6.013402643,4.340746164,5.172349142,5.804464238,1
1.065469269,18.36267487,-.321725883,3.44134862,3.857989296,1.861821372,1
1.092385108,20.28499167,7.34263967,8.558599606,5.840160101,5.423124499,1
1.113240369,20.30209504,-.203533124,-.886565967,-2.294881103,-4.010340793,0
1.138894047,21.04444474,4.369285006,1.454062464,2.648262938,1.686460687,0
1.141793397,20.26161288,2.19602141,3.55360993,3.941670541,4.29151894,1
1.144051323,21.80311579,5.386627427,3.146318649,2.532820848,6.782862924,0
1.154845647,20.99620398,2.442269186,.892392207,.400372696,-2.037320994,0
1.173375214,21.44705875,1.145535396,1.99781565,6.349679543,3.32431597,0
1.176353211,18.81171125,7.010463649,3.09886338,4.715170527,3.372001847,1
1.204247546,19.68333316,6.098230369,1.730924732,8.142866016,4.4379451,0
1.209617369,20.66565904,5.924961684,4.732261631,6.546498537,2.442371351,0
1.213171449,20.18304949,1.560075967,4.000267109,5.079244776,6.773155294,1
1.21405986,14.38860807,-.459759832,2.563762143,1.773393193,1.695440994,1
1.280261949,20.90259814,2.444812939,6.567880294,-1.335270517,.330617163,1
1.296944211,20.85239874,-1.417262317,4.140826385,4.495774218,4.156551999,1
1.302495125,21.16086741,7.565662695,6.012143054,1.749790404,3.112901097,0
1.305219651,18.79863574,2.978679925,1.657979884,5.975142533,2.023676902,1
1.311138734,23.84327142,-.186491733,.769883149,2.480944527,4.766652237,0
1.321062055,20.66372644,4.328554243,2.04784238,9.544531823,8.044344679,0
1.321229041,21.49537406,2.725898095,5.034839016,7.474482298,4.747199428,1
1.340119137,19.17028305,5.752828316,3.890659349,8.14694676,4.73840265,0
1.358464548,21.71245056,4.520345058,2.721120388,4.262739325,4.845338985,1
1.362393697,18.51436777,7.699327661,5.442046515,7.181899561,7.18306044,0
1.376027009,20.11923009,5.507915738,-1.5783108,6.247274528,3.790475394,1
1.397636332,19.15587688,9.780199192,6.088418551,7.485872662,6.30147304,0
1.397922608,18.55446374,3.426682812,5.268662771,1.183063771,4.54712425,1
1.417210435,20.31789851,-.235144561,-1.725786276,2.727313037,-1.962755851,1
1.426672164,18.02766245,7.749852036,7.644407143,6.030795413,4.861678548,1
1.437203243,21.14463128,4.203715175,-.519131959,-.496222748,-.250467181,1
1.44510285,18.97425835,3.10926666,-.642508767,5.611666996,4.010571164,1
1.46388768,23.35164186,3.503555574,3.728501337,3.575288626,6.517279102,1
1.480074958,21.1744328,7.498174746,4.178364568,1.010739368,-.626149875,0
1.512592225,19.34709867,1.093717959,3.683034475,5.571203128,5.264373272,1
1.532817306,21.57579544,6.497617839,3.497019401,3.520250493,7.810151412,0
1.535247638,19.87008755,2.917204526,.524581659,2.654670751,2.493542139,1
1.542782694,18.61439486,7.876888761,4.549805511,10.01688508,7.949490882,1
1.543698447,17.26395247,2.387561911,3.073329679,6.040474941,1.802103753,0
1.554625396,20.70683038,1.622770142,1.21507419,3.798852983,4.395787836,1
1.555629816,22.60144315,7.214830877,7.416728862,3.901719174,4.560155736,1
1.557069237,23.1406259,6.045648004,6.450062193,5.714390223,6.990535686,0
1.562577573,18.53669631,6.675018828,6.008688756,1.841785579,7.181618573,1
1.569908344,20.63802358,3.508190294,-.027982556,9.153771076,5.040356157,1
1.572315537,18.48135915,8.364791268,8.82826295,6.707220287,7.436297887,0
1.576066381,20.35106258,5.306881636,5.786952353,3.341772153,4.196728275,1
1.581394649,20.08881367,5.852974316,5.300552764,.401168232,2.121979706,1
1.619545871,23.32613922,4.363084173,3.839956458,.647036396,3.440486351,1
1.623185667,18.29005062,3.108932496,4.223476504,.214853895,2.651626196,1
1.627334771,21.41205716,5.856225558,3.81266261,3.64061207,3.725379763,1
1.629735619,18.51226629,1.294122126,3.68340677,-.277395226,1.345423664,1
1.630874509,22.94348055,.831796739,1.871901326,1.330006174,1.068324311,0
1.635922208,23.06698141,7.24244144,4.681645285,7.144688052,7.77674411,1
1.638760011,20.74733835,1.40318926,-.71339451,1.876599371,1.660662345,1
1.640411412,21.03877203,1.720387438,1.859667936,4.836364823,2.795581279,1
1.641511825,18.84329946,3.045762723,-2.242460949,4.428474833,-2.588330069,0
1.644877101,21.17878877,-1.266054246,4.36411305,2.280639602,2.469461271,1
1.646900991,21.102068,-1.058472671,.817748541,-.154899163,1.853328583,0
1.652619383,20.71758519,10.88497987,7.416850351,6.2137444,7.4774221,1
1.656396261,18.86516805,1.948173399,.453214284,-.912129206,2.231144317,1
1.657347757,20.68724003,.661444443,3.097704819,3.597778007,3.498228352,0
1.71229651,20.81715547,6.764040827,2.175977178,5.762477136,1.79270287,0
1.729741698,20.8405709,.068390204,.97838648,-.823510423,4.70384005,0
1.730544077,17.31798818,10.46655613,5.073522798,5.292551348,3.505785474,1
1.731614044,21.96363801,.421900432,3.536572589,1.470404684,6.41564161,1
1.734930038,19.62701304,7.575781408,5.339980994,.575391072,3.093611958,0
1.744397684,20.49576561,.160734488,2.645109614,3.551330853,3.459929099,0
1.76266037,21.87687993,6.102884522,5.795897685,7.035077555,6.178691563,0
1.766066906,23.94703553,2.783869646,3.443879848,4.129869675,4.873426936,1
1.776871085,18.71026665,1.549075416,7.09301178,1.2693212,1.684750191,1
1.778722197,20.11223206,3.511591605,3.320279097,5.060826556,4.367336111,0
1.79926823,19.86997164,11.87179835,8.830687213,10.49598184,7.433276932,1
1.80683653,19.43878542,6.548390345,2.589152417,3.935601687,4.1882699,0
1.812077611,21.48135467,8.490453424,7.456579777,7.431858876,7.575829909,0
1.844132728,19.14701098,10.43464669,9.952959842,9.166084073,6.05130658,0
1.846143946,20.16479167,1.141737346,-.027178068,.721722598,-3.900033435,0
1.86611764,22.40280544,1.496668373,-.074463897,-1.045469273,1.369993401,0
1.8741005,21.33179578,5.096395912,.244048534,3.10163672,2.599895669,1
1.880584386,18.25588608,5.618964968,4.634357943,1.288908544,-.310828596,0
1.897498695,20.88262378,4.860728539,6.616513703,.441874308,5.349157585,1
1.902773637,21.90707828,.683824193,2.150556864,.666496086,-.453732638,0
1.913528722,22.12198825,.7810244,3.310745781,2.33381802,2.898378453,0
1.915910742,21.23895255,-2.115794122,3.02381774,-.095821328,2.520243708,0
1.925015093,22.36192145,3.463200516,1.708135386,8.283583283,-.351106569,1
1.92967195,20.38785464,2.887766748,5.150673526,.890899343,1.379096819,0
1.933208235,22.74015352,6.917067068,1.704998837,5.694194167,5.450105954,1
1.934122368,19.70625159,2.048857547,-3.434858519,4.649513219,1.251579619,1
1.935892134,17.71001516,7.826884208,7.316875425,4.162732973,9.590657649,1
1.955369925,22.57322936,2.816229939,-1.91767369,2.222184227,1.979276237,1
1.961322386,20.15936653,2.135352785,2.05087006,1.954847372,1.439426329,1
1.968300412,18.20055415,6.282960791,4.783193324,8.462213497,4.760489711,0
1.985519107,23.02591048,7.823696121,9.135880647,7.919532487,6.486524924,1
1.998218314,20.30263644,5.328108146,4.148655443,2.30508984,5.698417318,0
2.000137172,19.5069813,6.854421335,10.2839834,8.75402652,5.721986465,0
2.000238493,18.60418049,1.017907953,5.520255446,3.41155981,4.585871543,0
2.018272981,19.28594932,3.450400146,.458680631,2.061181597,1.30667564,0
2.023170332,21.72928482,4.111565201,5.209075527,-2.574999287,2.673440135,1
2.031375856,18.21768013,6.153393198,6.767303587,7.437213676,8.301952919,0
2.032945097,20.85991403,1.12540081,2.910692643,.462127416,-1.945787403,1
2.040249538,18.93163875,7.808999752,3.103286811,5.346256957,2.951492975,1
2.045763215,18.6621238,2.43135019,-.074832165,4.349444817,-1.259088992,0
2.066965519,20.08611198,1.169940715,.558574695,1.735820591,2.421681889,0
2.071572037,19.64827809,.796484925,.31375702,1.94676075,4.082726913,0
2.080780392,21.42483688,2.86076276,3.89059607,.105535795,2.990878776,1
2.08306439,19.37911698,10.58761371,6.931030385,6.546052381,4.901461246,1
2.086178389,22.41117428,2.442827869,3.270834051,1.279931505,1.68000139,0
2.093503566,22.34264222,4.161510083,3.108548193,6.393278202,4.728370337,0
2.096114336,21.55963068,4.441400499,1.49435246,3.855090668,2.999717956,1
2.108037281,18.80845711,13.87298316,4.291612518,6.149957499,2.480994829,1
2.117763446,20.80159349,1.310130575,-.544103246,1.649836908,1.027888628,1
2.12897703,21.12756022,-1.820980283,-.413002251,.769825775,-.978478327,0
2.130548459,21.28610702,5.51000452,3.658137847,3.446424839,8.254474769,0
2.137201179,18.4895979,2.987961728,4.371245936,2.032024351,4.70231214,0
2.137238415,24.43465781,4.209570191,2.677530073,6.338478269,2.260067905,1
2.138885831,20.55285261,3.918252252,2.778517903,3.513003801,-1.021603692,0
2.139507181,19.3098857,10.02186441,8.806563029,10.53004493,5.903307427,0
2.148339895,18.85875855,4.045285718,4.729407926,4.272961101,3.409993065,0
2.169014459,18.91061737,8.635945414,2.465800572,5.852204727,4.230089361,0
2.18145867,21.23470103,-.860497215,2.060782801,2.884586314,4.551014418,0
2.1838371,19.09712876,1.924784261,3.762206717,3.920086259,3.677918628,0
2.193923367,20.22409551,1.988003316,7.996725969,3.758741098,6.704442384,0
2.199919067,18.22609505,.598216101,-.362826404,2.539873564,-.085025448,0
2.227704114,21.09256913,1.6520273,2.151179883,6.782235535,4.525758355,1
2.228055225,19.41505691,8.807807263,2.316577098,5.128432583,3.691434303,0
2.243839862,23.38863317,4.51434342,1.869995093,7.022050365,4.378032687,0
2.247489865,23.24440358,-.697928922,3.555253547,-.919062733,.472250892,1
2.248944687,23.58960746,11.72873766,5.805699274,7.558054395,2.667612859,0
2.25242887,23.25394727,-.481404869,2.552400973,3.437397623,3.946828023,0
2.269231026,18.86574938,.057435432,2.278507979,3.110488737,.581155058,0
2.27471291,23.56637832,3.412199798,-.301751806,.272519837,-1.964866265,0
2.276568876,17.06590572,2.021716654,1.383824089,6.532070982,2.353572162,0
2.278581093,19.22907993,4.367894838,-3.468895588,2.704913219,2.788945203,1
2.279029195,19.32523121,.475382326,4.698976894,3.807131683,3.997046035,0
2.288313632,21.14530025,-.728847597,1.884961934,1.751649496,2.98254695,1
2.294772899,21.16137654,5.465586651,1.319056852,2.638479977,4.394209222,0
2.296814019,21.43634112,.241899507,2.173850367,-.684385881,-1.262063047,0
2.297417033,20.03494148,12.09866888,8.715677308,14.73292058,9.672256712,0
2.298437787,20.86041761,10.74274756,6.643761651,1.824851481,4.616045067,1
2.302696066,24.55193493,-5.276043454,-2.621127687,.367562368,-.606260889,1
2.305165302,18.51475971,4.145591983,1.697508193,8.465468601,-1.554155846,0
2.340047927,23.06092702,1.41023183,.345193158,4.785370955,3.437403871,1
2.362895348,20.1262247,7.53600819,5.262408535,6.466936678,2.381691215,1
2.37192027,19.28613566,-1.153044486,-1.857058718,4.386479357,3.510243656,1
2.384977898,19.37902671,3.085696412,4.182718406,4.094799667,11.3471046,0
2.39657088,18.11423513,8.178416176,7.945001797,9.526801917,4.796731178,1
2.396580167,21.2245405,7.400000658,5.680307472,6.853208214,8.210215557,0
2.406689387,20.66281094,3.16036262,5.00643212,1.818135753,2.406336958,0
2.42521931,21.34913567,.116174608,-2.778060582,2.341344031,3.371296599,1
2.425745973,20.92493859,4.274885742,.193389961,7.351306799,3.971863085,1
2.433122618,18.22198046,.024645863,-1.666292317,1.591182685,.182144414,0
2.444015594,20.45711095,1.87202965,3.726978468,2.306433199,5.3528195,1
2.453043617,19.58746013,2.128997232,2.752879524,3.678274093,.25965174,0
2.457271346,21.08420819,5.070874126,7.793067066,3.776888944,.010547236,0
2.480386135,20.76746054,6.090978558,-.296531267,5.169987797,6.137207093,1
2.481150215,20.21463393,2.228699975,6.575676347,2.227125702,5.119059489,0
2.496312458,25.65368651,1.534160096,1.645038339,-.649662128,4.618073461,1
2.500583206,18.63094351,3.841938139,4.896388188,4.230943627,2.598281583,1
2.507325908,20.85138312,4.91349823,6.234223998,4.485840652,3.471747683,0
2.518661919,21.07986355,1.57454766,-2.220173736,3.965810714,2.287907346,0
2.53210533,19.50230292,6.088248006,4.074716302,5.140657709,1.535442654,0
2.545609085,22.48544653,4.515606281,2.825326607,4.609552869,1.133100149,1
2.555644835,19.62284622,10.76696736,6.374388506,13.10622807,11.89082972,1
2.557657245,20.11642325,4.855535002,3.659017859,.393177864,1.284495798,0
2.568642843,20.37919798,2.029803692,5.937525737,.43427998,-.188437987,1
2.575871694,19.20399587,-3.977290246,-3.106785458,3.071004717,2.729708005,0
2.576420464,21.65859298,9.796142163,7.721013297,2.477459453,1.84068827,1
2.597068021,21.12652548,-.186402985,3.111569199,.695470294,1.103553681,1
2.631880905,20.05170734,.108522653,3.09065962,1.14643821,3.799278459,0
2.641987977,17.77635598,3.209386896,.558498074,2.484590021,2.529355142,1
2.644084759,21.77137744,3.678537451,4.739760922,.1672427,1.828694754,1
2.645062693,21.34683032,.966084431,-2.169124432,4.430915591,1.379569202,1
2.652595277,19.60338634,3.491821666,1.921572004,7.488379315,.872701487,1
2.66072522,18.77925468,7.515010266,5.839172154,9.61366843,6.702610862,0
2.669552514,17.98589523,.815705945,1.952305032,1.418249797,.980540789,0
2.679120087,20.93830138,3.014069037,-1.248524369,4.817374018,3.06715253,0
2.686350714,15.82827107,7.454418735,6.939862415,8.084399703,5.704716795,0
2.70153717,20.44760869,-1.397090357,-.378920209,-2.206761962,1.870241637,0
2.712391241,21.00922692,1.712004939,3.216010081,1.484728263,4.867388675,0
2.71430673,24.7254455,7.143049265,3.340746477,9.082539348,1.436249326,0
2.71937836,20.9781596,1.559126006,-1.970796135,2.125713854,-1.16493516,0
2.730924962,19.34308906,-2.701502602,.45639141,-.630036956,.027926269,1
2.734469335,19.70835778,2.420962426,3.679317957,1.528537698,2.824363812,0
2.748361741,21.15354829,4.508465164,2.176681779,3.040414148,2.167372888,0
2.758573141,19.00334431,3.706378546,5.033179083,7.012833579,5.060082743,1
2.761064247,22.87222681,3.896778444,-.096432312,1.058863683,-.223876323,1
2.766765791,21.06012496,-.457939772,2.949996283,-2.832467939,-4.25692241,0
2.766882965,22.19181064,.955124068,.957994943,2.160177264,2.066143157,0
2.770213555,20.35069867,6.002422829,5.532618372,5.636601094,1.923901401,1
2.77176925,19.86486098,6.523464965,3.776829641,1.260910159,3.51023688,1
2.775899281,23.03314155,10.6804299,5.658738021,.469608605,2.651600505,0
2.776350996,21.55948226,1.420781064,4.79955351,3.843698365,4.9877815,0
2.801897563,21.69201019,5.199140167,1.848153185,3.727649733,6.376035486,0
2.811284825,22.51021914,-.383815075,2.081159946,2.330644997,3.117351827,1
2.81699157,22.5982113,4.164717553,3.7598803,2.482012348,3.103668135,1
2.829053713,21.1209689,5.890631659,4.338960165,7.172763771,5.641058481,1
2.840801225,19.15593821,9.185597664,5.762539247,6.990429734,4.891022221,0
2.856831399,21.03224761,1.630918124,2.456210671,3.163950256,2.352196981,0
2.860006646,19.60338136,3.078833719,5.501873066,6.36407954,1.737655328,1
2.860779745,22.09219838,2.132345307,2.101074711,8.246313473,4.643253412,0
2.862110866,19.25442081,10.6107926,7.31318331,1.998757942,1.832099628,0
2.863317133,20.94474764,5.877374541,5.582825736,2.464503278,2.147394905,0
2.895571749,23.2922483,3.269885165,-2.281932774,1.487189672,-1.203281786,1
2.906193766,21.1802795,-1.818907406,1.265522293,-5.231931103,-5.059265363,0
2.937408683,22.83330261,4.335202831,-1.25140371,6.477430857,4.142519031,1
2.937895366,22.88492882,6.732207917,5.659387893,4.370372927,5.92925291,1
2.953851481,21.60218515,1.985332717,2.519449162,-.112934923,.212140785,1
2.954430895,20.30402497,.73445556,.001394705,-.120459338,4.239411722,0
2.956290254,22.78739922,6.662693586,5.074128248,-1.066272112,-.065827751,1
2.957584075,24.1836967,5.365591041,3.929447208,10.815447,4.837088531,1
2.965324838,19.37419096,8.09895562,7.252957347,4.266070937,5.969929365,0
2.969848875,16.8350015,.049849986,1.191724545,-1.181590398,3.85673621,1
2.979513821,23.15220834,-1.916985225,-3.675302453,1.059795568,.43151423,0
2.991113735,23.85365019,1.91849745,.843546636,4.453846187,2.365301962,1
2.999882065,21.47810608,.683522999,-.243522862,5.270096574,3.397708588,0
3.010156273,23.0597162,9.479969106,10.1463481,6.362100354,4.455108828,1
3.018923604,20.39245384,7.817053669,5.279976153,10.04118071,9.052936653,0
3.020806294,21.81596849,-2.403569079,.783363894,1.783539642,1.680067941,0
3.049606356,20.02722515,7.063818722,1.884848875,1.349285125,1.128503666,0
3.063093388,20.09915766,.426080907,-.896404437,4.096253072,.373989708,0
3.066562808,20.45570779,-.121582372,2.278193802,-3.553969569,2.971850964,1
3.068854542,22.0242575,2.765907825,4.479477162,3.838703056,4.585725462,0
3.082564781,17.6088947,4.122920011,7.656465311,8.35369052,6.454125241,0
3.111211624,22.84542507,5.989834882,5.545605208,7.892840133,7.616580301,1
3.130819439,19.90262065,6.763658919,4.721266938,1.303212301,-2.297123587,1
3.131158688,19.09758538,2.477143674,5.900168331,7.758428672,3.228721782,1
3.167819214,24.60105272,-5.622148315,.244335361,.580846899,.84518206,1
3.184127997,21.05246966,6.959304488,2.711354163,-5.181451248,-1.793496345,1
3.191032748,19.992363,.774808781,6.468109837,6.910660445,6.6536437,0
3.211433951,19.94924962,5.491950924,5.85935099,9.506221994,4.400945414,0
3.221054931,21.01901249,1.429829389,2.597584048,4.481109973,1.789876671,0
3.227458655,23.88033252,1.918992832,-.033694465,-.307951567,.871398775,0
3.237381186,22.52303489,.95857335,1.241577137,5.1210736,2.091827303,1
3.24552875,21.14675934,3.147911468,2.319520102,8.841889627,5.297631952,1
3.248930682,19.71434629,5.530991691,3.671762316,3.781209501,.282966224,0
3.249626937,21.56104103,-1.874300954,-4.478265528,-6.348021818,-2.617561996,1
3.250014278,20.33696565,-.700358875,3.306606555,3.017011026,3.337679321,1
3.251346145,21.79552184,5.566110785,4.391909562,1.720968397,4.483756214,0
3.2683344,21.63372266,8.387788373,5.029008509,5.736317857,2.739621085,1
3.268774657,20.00953553,-1.799681092,.154336543,-2.689691015,.326691421,1
3.277816197,22.76377567,1.543254498,4.850996383,2.000564942,1.368824002,0
3.280063631,20.39309509,2.604139142,4.743338036,-2.167559181,.870357367,0
3.283131712,20.80010415,2.053301495,4.579581506,1.092606347,5.644731222,1
3.286696195,20.87389778,6.354707072,5.948094886,5.796896535,4.49076278,1
3.297112006,18.9272593,1.51284049,2.44927596,4.622645426,5.032269352,1
3.309243798,23.79886064,5.103318574,3.119949269,2.955154027,-.715304317,1
3.32701016,22.90436278,3.680039211,5.870203169,5.563428654,3.62625177,0
3.328528228,20.06027173,6.478147303,1.970701103,4.175416246,.848334091,0
3.334793582,19.32882195,7.787643798,-.78719587,9.277717402,.80633158,1
3.336841897,18.84642104,.098923978,-1.363342589,-3.472688375,-2.662540511,0
3.343636285,25.32971764,-1.00929104,2.395623783,.970827675,1.901759275,1
3.3625049,17.52184156,1.400528665,-.094033452,5.941455825,2.852421235,1
3.379846549,22.61609177,.013471892,5.604359067,4.023050906,2.781002274,0
3.380697397,20.55694082,9.496927056,5.560263817,6.80845763,3.831905128,1
3.381399539,19.97153164,7.875336699,7.993138612,4.497251265,2.193134806,0
3.382794589,21.60351702,4.830045748,2.462090031,4.554499548,3.068419823,1
3.398357292,17.39441465,3.03476308,2.346792526,6.820649612,4.205240584,0
3.40955251,23.66538681,5.162125383,3.136657828,3.170014265,.47793591,0
3.418493823,21.24523629,5.296308639,6.627357702,5.249045438,4.012300803,0
3.422528919,21.49891169,2.838375951,-3.057678724,3.806223829,1.66015549,1
3.424265212,21.41314051,2.257108855,2.721239756,7.838236372,.578805985,1
3.432869327,20.16286929,3.987855932,4.27277458,5.319937309,6.128431375,0
3.445597106,19.58432313,4.155746039,3.399923562,6.843267576,1.310971987,0
3.451777002,23.34203993,-3.958720965,.647529168,-3.456126616,-3.019595577,1
3.457761371,25.24005063,2.75966365,2.10919828,2.767566501,.720193333,1
3.460940509,23.94659517,3.229291787,2.0294269,-1.849788514,3.154096285,1
3.472617955,16.75152115,.177688249,3.430141376,2.829045495,2.863496492,1
3.478654191,20.92118699,1.208168027,1.582293391,-.666314445,2.245343517,1
3.482962248,21.79037906,2.193957872,2.606071661,-.857795236,3.551358227,1
3.490105379,19.94380234,8.31845338,10.25695688,10.9514147,9.828163899,0
3.506856329,21.63027288,4.39732405,4.859939074,2.898361956,1.526533526,0
3.515467459,20.48590665,1.553181942,.514446028,-.900061774,.77584421,0
3.533316994,22.06978109,1.250559162,.799138857,5.909583207,4.971187209,1
3.545476587,20.57315859,3.59280564,4.787683525,4.170562555,2.983000967,1
3.569586362,21.09135618,-2.667923613,-1.212222631,.930077775,-2.011779195,0
3.571474226,22.90843162,4.056530953,2.528583846,-2.085710177,-1.144908081,0
3.588021955,23.70080547,2.407397514,1.1929546,1.825142133,5.561579891,1
3.590599015,25.54989012,-1.315907401,.276280309,-3.844873134,.791681139,0
3.590661499,21.3394582,.179891337,-.934676592,3.981009127,-.015815428,1
3.592881381,18.24179381,5.452689557,.394426813,5.300923887,.205344324,1
3.595114933,21.2547714,4.064007617,2.584871868,8.102064632,5.932808372,1
3.603035093,20.01471461,7.049962754,.137951057,8.628230468,4.937561624,0
3.613188959,19.76011612,3.674574613,3.271100466,7.198894159,4.754967306,1
3.615093266,20.11193513,3.938845484,2.084574707,2.836898708,2.51133478,1
3.636312925,22.03456466,2.525118768,4.62426452,-2.042787067,1.940683067,1
3.643843069,21.11554964,3.557084318,4.368113509,4.69015827,3.737969212,0
3.648046935,20.87886872,4.025266397,.961044338,6.700649428,5.404378764,0
3.649394808,24.50273899,-4.009909981,.085346111,1.503785201,1.580309428,1
3.660358013,22.21852249,-1.260702949,-2.716368425,.628097022,2.148761944,1
3.676730459,21.45530378,6.872734181,8.658427698,4.432635442,3.750956125,1
3.677598811,24.0455997,2.593289737,-1.030547237,4.041967544,2.581400308,1
3.681544004,23.23928927,3.402386481,4.061030525,3.348362799,2.776319224,1
3.68282006,22.33414259,-.239145738,.346213468,2.531442101,5.742763,1
3.684664761,19.22353359,4.746486866,2.41870149,2.5472652,3.413859273,0
3.686322905,21.58052609,1.915400858,-1.618363322,-.616223837,2.265379509,0
3.698588349,21.53831717,.654994578,4.679285761,2.784458604,4.913942325,0
3.700610829,23.05204352,1.292639829,.690483932,5.456736267,5.43228437,0
3.709528944,19.98584292,1.23236695,3.035597405,.398293086,1.811030984,1
3.713030709,22.14545417,.782544581,5.607623478,.073023492,2.588306663,1
3.718306386,23.12408796,4.637213321,.790574027,-1.278591236,1.067349158,1
3.725869048,20.61546746,9.187110413,1.753077925,10.3048365,3.728346599,1
3.775187376,22.08414875,6.848642383,3.585831658,.309546258,1.072676798,1
3.790927179,22.53831764,2.790564812,3.637214882,4.212230294,-.012075862,1
3.798031633,26.05168208,5.395156705,2.294341664,-.228764288,1.670571393,1
3.806643555,21.84899701,.15077851,.957204713,2.652062912,.867957259,1
3.825529137,23.07557821,3.437780848,3.898618185,1.897750851,3.492822359,0
3.835908681,21.19644213,-.336615085,-1.906028803,2.893245456,-2.775209591,1
3.836559638,22.18091464,2.992631132,4.881212435,2.718197007,4.246857497,1
3.843564727,22.32517366,7.163953154,2.207093507,3.928253644,4.439446618,0
3.844403184,21.29853711,6.089886356,3.394741812,7.727087656,2.877327017,1
3.847426523,18.49185761,4.766986824,4.587623659,-3.772324689,.119508254,0
3.854809026,20.98350934,.065372314,2.285458414,.943261245,.56133444,1
3.864412374,19.36978444,7.679314909,8.675494559,8.309212861,8.094599566,0
3.875672722,21.20843085,.923999785,.614349829,5.202347941,1.637318885,0
3.894776762,21.82068098,2.700850466,3.98679414,.705172458,.125628816,1
3.901791789,22.72953447,4.693582202,4.656581633,5.658635227,1.610046679,0
3.913234741,18.74957722,2.192533866,6.410566121,1.433852334,2.524187445,0
3.934320953,21.7187886,-.877261129,.580087879,-1.316001598,4.579186927,1
3.950408095,20.49975938,.722817258,-1.699212082,-1.216878363,.419705095,1
3.952054247,21.22729691,10.85488957,8.996727078,6.208337464,6.547417186,1
3.955719684,22.32349888,-.476335233,-2.655366842,1.378035292,.094818273,0
3.95860269,20.7535787,2.826523449,1.57585096,-2.763419065,1.416838676,0
3.975011403,21.009675,.473433667,6.392720903,3.042952489,4.510716614,1
3.982253261,18.90312837,6.990707457,5.929870839,7.593307522,5.443641215,1
3.996430858,23.99101647,-.221745074,1.45028704,3.081282955,4.812965918,0
4.004393184,21.36517545,3.55132802,2.420672021,5.600905874,6.625083506,0
4.022552796,20.33928074,3.921934774,.409353442,2.651946111,2.134998429,0
4.034404114,21.32404311,6.515644535,-.280003746,1.891978677,5.163677685,1
4.037877827,19.84667893,.391380077,.25300064,.173160575,.128956602,1
4.038382737,23.21589804,5.990545743,.534352983,10.9165963,9.033168696,0
4.042319777,19.78505228,6.318944031,3.680174007,6.475479915,5.713640287,1
4.04862084,18.24411417,9.973856269,8.328510456,11.71160543,5.454681979,0
4.05824106,19.88029708,2.428943227,-2.291073442,-1.051792348,-.28380478,0
4.065466601,23.41572613,6.976660936,5.471889449,6.349321443,5.113096699,0
4.090843988,20.71357724,1.829688769,3.037681549,.988754825,4.834468517,1
4.121945452,24.01465005,1.183641345,3.949334767,3.620535322,4.98440476,1
4.124607028,21.64930913,5.475596044,5.344517545,3.563445492,2.023373256,1
4.131067951,20.22288039,5.549278409,5.596809228,2.677724746,2.954117093,1
4.135449965,18.79600642,11.38043548,8.522002436,3.015366694,1.42811505,1
4.147900245,22.32194735,.159862298,4.711759774,2.874923746,9.449489473,0
4.155365906,23.7896189,5.846785644,7.623786657,6.566767757,6.503969107,1
4.156913524,22.89122459,11.93699002,5.324470489,4.147679844,3.198014085,0
4.158198802,23.53012893,9.386618045,3.60826799,-2.560859103,-1.936302519,1
4.160928852,22.46478077,2.023908945,2.934514344,2.12883074,5.811445605,0
4.186078779,21.33593034,2.600640551,-.816983629,-1.009327888,-2.116377339,0
4.194486715,22.42295261,8.404246719,5.64002822,11.44361522,7.57252731,1
4.225272133,20.85719976,6.969354772,7.140266919,1.041729546,2.539804486,1
4.248725825,26.77442263,.01494863,-1.869243034,.871864086,2.022997547,0
4.252244289,21.29433066,2.201390339,1.927368982,3.700970308,5.562266765,1
4.256242737,24.42640221,.232349471,.382336822,1.022832935,.787455015,1
4.257758389,22.08744004,-1.331113599,-.465093223,-1.872110743,.349596719,0
4.26141865,22.80202367,.773949787,5.07775376,-.280788348,1.863656664,0
4.26177495,22.69800103,2.186157669,.219637306,1.42355155,1.587508018,0
4.262798824,21.90203778,4.834176598,5.656547984,.962149385,3.412447229,1
4.2639374,21.43638257,3.436320851,1.362806754,1.675628941,2.19950238,1
4.273154437,20.01625059,1.713064,.602019154,4.033434495,2.786635296,0
4.27340505,21.39820993,7.159411572,5.362302661,1.696350733,2.223781289,0
4.28687224,21.66249911,4.91076275,2.352257997,1.885558943,4.956000426,0
4.296858977,17.20367783,8.063715924,10.26872255,6.523386251,5.88333276,1
4.326186151,23.87223834,2.809762344,4.312582992,5.071301149,2.985211243,1
4.343853529,22.37397367,1.384101465,1.166672621,1.685228508,.394236531,1
4.345817711,25.99347162,-3.032466566,-.883045696,-1.061023543,-.22001341,1
4.361367776,24.05453199,.46633749,3.403151199,7.919061978,3.985879501,0
4.367765223,21.36460749,3.555794812,-1.100426342,3.8203711,1.006932707,0
4.3705602,18.64862554,3.581276853,.343516628,1.254546224,-.256740995,1
4.380846195,22.23083142,.865322484,1.039138111,2.815710144,2.332470215,0
4.385722861,20.61829224,4.973001844,3.463688619,7.0218533,-.657887864,0
4.388751027,21.16332109,3.515060845,4.165065178,3.419458304,2.78923455,0
4.407731921,20.0301166,5.368348859,3.739375628,4.328261809,3.916720142,1
4.415498255,23.48017113,1.136480936,4.261613379,2.748244863,4.825839897,1
4.426515822,21.90092515,-.151898739,.836583273,2.323673314,1.40213171,0
4.427318916,21.43304155,2.454463536,1.661025982,3.067925784,1.020110242,1
4.433609757,23.20991601,3.429143078,4.301646849,5.47389453,2.679185546,1
4.441351491,22.20286088,.595979739,2.12091785,-2.141319709,.486176241,1
4.450706671,20.70247302,5.257507376,7.605453913,9.009829781,.514117122,1
4.458594775,23.62227869,.678127392,6.462324308,-.639167298,2.47674073,1
4.468496075,23.55979123,4.186529661,1.195039434,1.157757177,1.58932237,0
4.469095169,21.49710081,8.321386496,5.536832519,1.299565283,.648314428,1
4.470577742,21.16041013,-3.449285507,-2.539140864,-1.774448929,-2.195258122,0
4.488557537,20.32617036,4.341382878,4.941353509,4.338194071,5.042231744,0
4.505554371,20.84278043,-2.989121892,-.720020444,-4.155805297,3.98711885,0
4.509429927,21.03985416,1.928134845,.647307005,2.061653878,.99008073,0
4.512404155,22.28538713,5.688348945,5.508517521,2.602609671,2.425572889,1
4.529520548,20.4197145,-3.694092528,-4.816627086,.46052741,-.991273851,0
4.530747733,19.56887618,6.024038807,2.138457113,6.933517373,5.906241528,0
4.538206994,20.02380318,-1.255263637,2.044847291,1.198299477,4.028467411,1
4.538378415,22.30573628,-1.903951742,1.41560154,-2.325790749,-2.651573978,1
4.538924306,21.99299467,5.771581016,.40093659,.160908377,-4.782556887,1
4.550341579,22.75584079,-.908790506,-.709652554,4.405776311,-1.20272078,1
4.553933258,24.98888122,4.955665712,8.163568125,10.08419476,7.647305981,0
4.554127247,22.22821403,.630612607,1.463072802,2.894649704,3.167932914,1
4.567227,23.93312721,-1.425011292,-.625513093,.919348122,-5.621340782,1
4.598612134,19.5484103,.625714861,-.873937151,3.516124516,-.383202561,0
4.634122744,24.54475625,3.007565751,-.779753878,1.511333674,3.472885578,1
4.643493086,20.74217409,3.801100092,3.589790146,.678873593,-.910574864,0
4.646173579,19.90525,2.877928615,5.78536888,4.0608292,8.322406375,1
4.647157416,18.84370857,8.824771803,3.809090631,11.47208155,7.681504013,1
4.65763165,20.60482322,11.10363587,13.6344935,8.974320865,5.537042608,0
4.659225382,22.00947561,-4.822760098,-5.510493278,-.324523152,3.545782711,1
4.660775718,22.19869294,4.983941297,3.261369225,14.21402156,5.830519368,1
4.66238291,23.08774903,1.575533651,.514619297,1.233610806,1.810729655,1
4.66316598,22.17686664,3.241902976,5.078568907,2.94827744,3.55401349,1
4.663489757,21.30463465,7.343583338,7.884105242,6.624839971,8.022395124,0
4.681847097,24.50272271,3.885958173,5.658867503,5.424619707,7.825956958,1
4.734842415,24.29503325,1.224538678,1.946994557,3.865665962,4.212946092,1
4.735029927,24.88399052,5.300859545,2.843365315,3.679837279,4.296430152,0
4.747051664,22.26348228,-.219586225,-.76624632,-1.389454262,-4.027048484,1
4.768916166,22.45611703,-.952618621,-.199505965,-1.778128442,-3.32208667,1
4.771021091,22.21220417,-1.871547728,-.508692535,-.843287958,-1.509453853,0
4.778143042,20.74883693,-6.426237021,-4.714592288,-.829668228,1.274220021,1
4.811078156,20.31758765,2.358124807,5.95332999,1.982405824,6.474451967,1
4.813458192,20.9133164,3.062281498,.554213033,1.59920505,1.77745225,1
4.81409872,21.45259286,.926492758,.338311723,-.95959916,.369353766,0
4.817575797,20.20740685,3.298419638,-.487045345,6.615484757,5.097360301,1
4.818168496,22.944743,-1.179478032,-3.866547808,-2.285537794,-1.965351361,1
4.831533793,20.28276525,5.253161951,4.861631034,7.984714624,7.083743263,1
4.8318925,23.84955027,6.782980597,8.245555898,3.317847056,5.330003756,1
4.840046587,15.02135532,3.727931447,8.135662163,6.63259048,3.911397597,1
4.845866307,22.14849276,2.350061468,5.683311563,5.20597503,3.307499476,1
4.85468281,23.23391953,.883956611,.410160024,-2.192260828,-.229987572,0
4.882273725,21.59827191,1.225599814,-.077543321,1.583066589,1.545792049,1
4.882954111,22.35950947,-.482247679,4.042796579,1.700307653,4.75845464,0
4.896043461,22.5628006,-2.349253494,-3.085716993,.913326996,.660822649,0
4.904987793,20.28492599,3.951789086,3.942150519,5.006142575,5.644944609,1
4.922915458,21.75905422,-.559917184,1.622505448,1.579073905,-1.395363158,1
4.924627441,20.47330913,4.108404179,6.152281674,2.954742657,4.086364386,1
4.938023068,23.01337902,.27368281,-2.599485304,8.274145524,1.782002286,0
4.940363792,21.72837469,-3.432349859,-1.825716514,-2.186428852,-.615824879,0
4.945347746,20.12811654,-1.418032541,3.951203925,8.760290971,1.600597919,1
4.948925344,21.89324016,3.539327214,2.321246376,4.500260607,5.810767982,1
4.957038265,21.64329422,.51947855,2.52865827,.072063922,2.557467437,0
4.957479762,22.29283591,2.999463171,-.458927733,2.362304185,-.554690095,1
4.960333781,20.68469517,7.6404275,7.738324924,1.050281462,5.755075774,1
4.961600786,24.34710176,2.942856052,.329311237,.713540595,-.853426859,0
5.005341552,23.1733484,2.887135783,1.812248032,7.294072836,5.92282096,0
5.006055773,22.06385629,4.207577192,.878537025,6.023345151,3.537104617,0
5.036525434,22.31836133,-2.110782569,-4.72110059,2.249259247,1.477043405,0
5.045426256,23.32824321,.596296968,.696979632,4.408219731,1.172501833,1
5.047666174,23.35918836,3.023869094,5.934646066,2.503042944,2.266039143,0
5.058425284,19.09009278,9.690056065,3.118082614,2.839636616,2.475123008,0
5.077001469,22.20958771,.814524938,-.636342388,1.05010781,-3.458542041,1
5.079388765,22.15235861,5.600431945,5.489095509,2.494233413,5.628473307,1
5.081381523,23.09381873,2.052368248,4.554510986,-.298128405,-.955562476,0
5.094618411,18.33737238,6.536714848,3.540981032,1.512433134,-2.067310719,1
5.114250913,20.56126834,4.629403835,5.186873688,-2.122522297,4.718800905,0
5.137224155,20.18027367,4.050781709,2.643513374,6.932225726,8.887448468,0
5.138711912,19.86476514,1.295794729,-.667773461,-1.410025215,.911976066,0
5.14556696,20.46213315,1.059798448,3.895728108,1.498157978,2.829661104,1
5.149081216,21.96494912,2.79693383,-.74811244,8.612782814,4.070516483,0
5.160860626,18.0485189,1.258628325,1.851578477,1.202753834,4.141319331,1
5.162156302,26.2503818,-5.009262352,-4.062526463,-3.948419984,-3.081385722,0
5.176277589,20.31136628,-.506557233,.985630699,.25263293,5.440850627,0
5.18977064,23.29871457,4.409140632,4.342448395,3.033742653,4.33648358,0
5.22308376,20.45202922,3.631534924,3.129812509,2.523438007,5.419077474,0
5.224441095,21.89109593,.055326974,1.616796283,1.159299063,4.899403869,1
5.229199666,23.04017134,-2.971779162,1.080294714,1.952189843,1.897414004,1
5.231979957,25.91267986,1.185532992,-.139205398,4.693448977,-1.684447359,0
5.253761057,21.64678798,1.558384685,2.485543525,1.784918198,-.157870656,1
5.258465739,22.62649666,9.813088842,7.179390235,4.840519934,.589389413,1
5.275550815,23.36304774,2.756535478,2.760948951,-1.994705619,-.453739416,1
5.284765034,24.27304141,3.336143113,2.761966777,-1.881033361,2.573574909,0
5.289323971,24.2371557,1.166943952,5.113101568,8.502980212,6.462052594,0
5.310042988,21.06895487,3.730561942,2.534209722,3.844134479,1.717024289,0
5.334406563,19.26945038,4.06574389,-.609867288,.535166888,1.239644571,0
5.341177212,21.99602364,6.915350658,4.010303562,5.20903323,3.739048486,0
5.349707152,22.62180038,.953103237,1.979440679,1.263937211,3.942313971,0
5.350328225,21.63074128,4.434793618,4.979379551,3.698851357,4.987466648,0
5.353995042,24.29665386,3.662181693,3.728880909,2.597829904,1.532865271,0
5.383620268,22.07550503,.16979573,2.6080403,4.049667333,3.747773168,0
5.408153806,22.26832813,2.620759123,2.06269542,2.216777931,.293028393,1
5.422181812,22.08770082,6.440699493,5.358129921,4.968381997,1.845877132,1
5.42937235,22.42323083,4.494683913,2.319292327,8.218511061,7.773060906,1
5.438616125,23.22758518,-1.389373081,-2.728971534,.764051286,-6.355674588,1
5.447775419,21.22429952,3.986698829,4.500850782,3.253701329,1.375554991,0
5.47205131,23.80668626,4.819850242,1.472402564,.240947173,2.827762324,1
5.480935054,24.34555048,1.366702663,3.336436473,-1.686827768,-1.233565607,1
5.482996014,21.05525026,-.919314137,.79118391,3.111882229,1.405850261,1
5.48365504,20.34096997,-.388418233,1.136628758,1.98298077,1.213879451,1
5.492658524,21.57988667,1.780157997,1.661001133,-1.85784372,-2.667483802,0
5.500555762,23.61126121,.680138421,.745852006,-1.27913277,.576494734,1
5.504223923,22.99923901,-.797553035,2.337740265,2.403333593,1.839526443,1
5.521904769,21.15726567,5.873307829,4.953675105,6.635601114,5.994690127,1
5.523307922,24.88929495,-.046256188,2.34162424,1.501262981,-1.475669706,1
5.523733744,22.23796298,-.586612971,1.62111575,8.155089065,6.771243983,1
5.524618332,23.70145068,1.431848023,4.820048339,3.140879507,-.169260857,0
5.553574198,23.54378365,8.658295516,5.596285869,9.710795366,3.411784598,1
5.564528956,20.96934767,-2.269409986,8.27E-005,2.271150743,5.987233521,1
5.565572521,24.3391252,-3.384608799,-1.65302247,-5.932509305,-.912484841,1
5.594314465,22.6183106,1.116328439,1.169420791,.432398635,2.844459568,0
5.596637316,22.1419582,.932817831,-3.410702217,.716134633,-.139284697,0
5.600035153,21.06786183,-6.04329868,-2.052378945,-1.297144088,3.246093834,1
5.613070441,17.66115634,-.616027504,2.085994462,1.80590716,5.187528493,0
5.620685231,23.80067836,3.582708847,-1.30985125,.622779138,1.158645899,1
5.643840473,21.74494833,2.727818131,1.216226898,4.202837976,2.549440654,1
5.65810085,22.87383362,-1.737656104,.185057877,-2.710670303,.047305813,1
5.66295298,22.16275258,5.557603295,6.433396813,8.119998096,4.497938101,0
5.664469935,21.07554385,2.177805961,.627992166,3.224780336,5.235338969,0
5.692456798,21.86668732,-.590385137,1.467227878,-.504355281,.274350291,1
5.720848877,22.28249305,1.411720572,.381878371,1.243992475,-.1007174,1
5.724109982,21.86690278,10.37719352,3.686224905,6.473493084,3.842064817,1
5.728520584,24.18792425,4.253474136,1.262432318,3.293034939,1.136400651,0
5.728529608,22.7937963,-2.88706416,-1.345613567,-5.738282799,-1.893272728,0
5.73339766,19.72794623,2.63793018,-1.280710695,-1.393518096,-.959529413,0
5.736820868,20.31692743,1.325031675,.493287371,.634147439,2.139473413,0
5.741105223,20.7737058,3.333948931,.193721023,2.419643857,3.165012881,0
5.74283025,21.97693968,2.668182571,3.927729539,3.700457978,1.949380183,0
5.743472265,24.86895093,2.435877849,3.185134498,-.185512411,.261480631,0
5.743617202,22.29585462,4.284905713,8.792705991,3.865909211,7.115098815,0
5.753164069,25.16785147,-.576304819,-.129126022,-4.142799202,-.472630863,0
5.755772732,22.76185283,2.387721164,3.181505839,.368442955,3.154394615,0
5.757213479,23.02742489,.522755962,.509320983,3.564350708,5.066419161,1
5.766777067,22.97424804,-1.380552825,1.656738717,-2.669917257,2.523239864,0
5.768094126,22.62308851,7.677294896,2.698346604,8.623795112,5.120897101,1
5.771484383,22.15703152,3.692338817,4.399715681,4.836432051,4.949272797,1
5.774110823,21.46792239,-3.313299138,-2.314901668,-6.584891428,2.852190313,0
5.800777841,22.34811304,.762198243,2.021635193,-3.320304157,2.974895198,1
5.822601063,20.56783843,4.596561871,-1.495097399,4.447490698,4.118597321,0
5.824803937,20.24329199,6.819444105,2.350375746,4.000488429,3.365748422,1
5.833266825,21.95574727,6.071075883,3.465234636,2.655216316,2.764290504,0
5.844668679,21.91203329,6.431945069,1.884182621,6.275788761,-.165686332,0
5.85242647,22.02686701,2.066153954,2.462865263,4.262900374,2.486154475,0
5.858228323,25.34014932,5.649251802,5.03752332,3.954819698,1.490275684,0
5.865529291,22.15641304,.979639012,.841979231,-.838488563,-1.770368762,1
5.899740015,23.47022501,6.333004253,2.538939811,1.322325712,.862224501,1
5.903102685,24.69581441,-.936113063,2.338898642,3.764555605,.335158029,1
5.910741284,22.37092516,.316737268,4.007877271,1.436722157,-.725378222,0
5.982130251,20.43014604,3.451077258,1.080111662,2.896554246,5.055977876,1
6.003353697,25.07251604,-.549382926,.984780389,-.2804162,-3.526208293,1
6.009660803,24.39657666,2.458073274,3.863546983,2.270309798,4.73301617,1
6.013287923,24.84050977,-1.588674139,3.812932734,-1.32277006,-.498081068,1
6.017605738,20.82363526,3.915261263,-2.766835403,2.131273174,-1.922670198,1
6.147610221,24.08391996,-1.540561414,-4.722406819,.410128241,-3.331033531,0
6.166133159,21.28984356,2.582845454,-.854485488,3.172730393,8.069570562,0
6.173085842,22.45593053,-7.414406144,-2.660739168,-7.051420508,-4.638153361,1
6.183842649,25.08418908,-.761132807,.803482344,-.696694049,-3.688300876,1
6.198273183,22.38492543,2.607802953,3.091737886,1.350355463,2.482117926,1
6.198935942,20.7385952,8.292530966,1.767944696,1.318246245,2.666658393,1
6.208852084,22.22753164,-.495227326,3.893208875,2.797603802,.526045339,0
6.217627621,22.03179036,8.375529988,5.836631533,2.246616318,6.067227331,0
6.228787585,20.08637651,-.659371637,-1.549242022,3.909106683,.00598124,1
6.233038668,18.8278286,5.460106189,5.212134791,4.541994501,.521395814,1
6.235570265,20.73386598,2.464363731,3.776220593,3.825423391,3.611326635,1
6.360904467,23.22089897,5.459565994,3.885306728,-.798358044,3.564933245,0
6.363260268,23.49878207,5.043609202,.812015442,7.454554524,5.322212757,0
6.396610406,24.3167992,-.064431327,-3.951352242,3.450831066,1.31458698,1
6.398123672,23.16691304,5.17124698,1.817090709,-1.26266004,3.49034193,0
6.399549227,22.38129948,2.530807971,4.804134223,-.313553191,1.31695661,0
6.408292357,19.5160374,7.578268,.339254616,4.967196029,-1.130190061,1
6.420724836,24.16167961,1.946344733,-1.498594645,3.276206612,3.938426876,0
6.482048205,21.68052831,2.114027567,6.363636029,2.183170524,2.799568581,1
6.483065081,19.78276795,4.417731458,4.841034705,4.867828564,2.168173159,1
6.487566353,20.00405829,-3.795333379,-3.655866314,.025949567,-.499064478,0
6.552515539,23.63000061,4.480289036,4.407741898,3.828697286,1.32223564,0
6.556705968,22.87432806,.135968731,5.135537115,.631856123,-.015223773,1
6.566425771,18.33266744,2.344049781,6.409712466,3.157776894,7.933107703,1
6.572365724,22.13634212,2.591029468,3.811800949,3.202498559,3.840415226,1
6.58373315,21.34261052,2.106251268,1.397059934,2.374180914,.490974239,0
6.593262621,22.38242781,4.523661943,3.656784282,3.151744294,2.928251138,0
6.60802563,22.89801924,.447041055,-2.506792397,-.25009354,-2.08810547,1
6.632413777,21.52080983,4.627764467,.977948983,2.471673467,3.865937164,0
6.633304053,23.76501769,2.71292969,3.915517246,1.362285759,.766805988,1
6.657911235,21.79390415,11.41270476,7.221648117,9.980463911,8.1872851,1
6.678000003,25.17656301,1.873403184,6.800773279,-3.24973493,-1.466805847,0
6.737623701,23.18167604,3.154285403,4.032492418,-.364752437,-.406617737,1
6.740801651,22.5425059,3.772894269,-.376678176,1.866962064,-1.535612574,1
6.750473148,21.4670823,1.745374607,.628967407,-.706167862,-.26948989,1
6.795245011,23.38679348,5.427705931,7.813520524,1.477652634,4.725831317,1
6.836363881,21.94831673,1.979364218,5.475622067,2.773159978,3.570460082,1
6.860026588,23.29953412,3.343099221,-1.590791329,.932775554,.243720228,0
6.883686932,22.99961652,7.118128866,7.72492632,6.502871142,4.97228709,0
6.898781654,22.65592495,5.902893193,7.179216718,-.275153703,-1.141413049,1
6.908104599,23.36008493,-1.086348741,-1.018457988,1.470896689,-1.398520393,1
6.918935019,21.74957358,4.964476182,3.290436683,.938166816,1.955390123,1
6.945253117,23.24465323,1.248449666,5.201836692,-1.296384943,-.128571306,1
6.947428627,19.35613638,2.640602235,1.588418373,7.578144841,.333493738,0
6.947631849,21.64893922,5.36309799,6.038938102,7.310844639,6.975391902,0
6.952789795,21.79949538,5.421496999,3.26369496,2.329228551,.066657809,1
6.963950635,18.63326666,2.468241652,4.704204293,2.9903401,4.365208637,0
6.98560261,24.25047598,.049151723,3.654056815,-2.406412842,1.509665631,0
7.038915279,24.99351566,1.214074162,1.803065305,1.481329957,3.142463338,1
7.046767288,22.07773645,-.126452945,-.699528696,.64366055,-.406210609,0
7.052042844,24.96830829,5.275835602,2.246329787,3.661109559,2.26072363,0
7.053221582,24.09348631,5.347280791,2.331583225,6.428819748,-.354948782,0
7.072727497,23.60534449,1.50914519,2.076120233,2.966574628,4.562900395,0
7.072866304,23.87105931,-2.7530941,-2.343219547,1.261928647,-.437472536,1
7.114955092,20.2710656,8.921854929,4.724485563,4.232408736,.108967694,0
7.119906523,24.73128179,2.716774589,-1.301609286,-1.08920786,-3.573869017,0
7.146770375,23.14315802,-.560255656,2.315628506,-2.167397118,-.965370887,1
7.153901031,20.63517752,2.108256261,5.47640454,1.669747647,2.396269215,0
7.172690958,22.16843515,4.59616412,4.055822543,5.627555213,4.701941689,1
7.179383803,24.45931967,4.420944214,1.625737608,7.6396786,6.047174947,0
7.200933547,21.09230914,.111875467,-2.342413154,1.747334397,.992640611,0
7.232184069,19.22878687,1.383763837,-3.012022939,5.416987962,1.957878838,0
7.235526221,23.1156614,2.99306826,5.304737211,9.213150584,3.180491666,0
7.243736426,24.05725397,3.641531246,2.548903074,.0884752,-1.085176501,1
7.250834682,21.24974323,9.776422857,5.819523869,6.024235187,2.813037183,0
7.279853886,22.17837942,3.573331611,2.998355835,1.912622971,.103502787,1
7.280760325,26.45892705,1.330219229,-2.005990753,3.263779784,2.12763529,1
7.289263116,26.33353115,2.295567464,-.894682886,-1.727609135,.144249585,1
7.297004268,25.06106147,-.805671661,-2.612268256,1.055477401,2.062424963,0
7.310835252,23.3254947,3.7023436,.725171089,3.187252795,-.872075774,0
7.372337227,27.64207283,4.486789815,-1.855167125,5.484750705,1.330025781,1
7.396278037,19.30859285,1.668053776,1.295624897,3.969874286,2.973566888,0
7.419275545,23.60571106,-.430985034,-3.282868328,1.936783645,1.373778667,1
7.431568361,24.30876733,.743791388,-3.131343942,-.121303787,2.8200706,1
7.497532536,24.57754682,-2.406380943,4.305901815,-4.662444561,-2.235801539,0
7.498632747,23.59417795,4.998596424,3.23169879,1.875671836,-1.403154171,1
7.517368688,25.0796511,-.231557505,1.323044885,2.217088331,3.225133937,1
7.593958895,24.47983948,-.047684764,1.226899502,1.0652382,.087150082,0
7.629820171,22.2751642,5.203201245,3.336938538,3.264355792,7.356639732,1
7.636142581,24.04808943,1.861117204,4.912276084,7.24390274,2.554945885,0
7.716452187,21.77664183,1.713022902,3.723735649,-3.36024484,.199940124,0
7.72405782,24.21826876,-.763091591,.21852263,-.774751714,.870285497,0
7.762411051,23.56401395,-1.192336529,1.919652461,1.3581665,-1.858376483,0
7.811745679,22.94966334,3.265838625,3.475473473,2.442422951,4.161246644,0
7.834437079,22.09811911,.808031621,-1.139801341,1.220871014,1.078871429,1
7.84292119,22.34771355,-4.03291382,-3.112573247,-4.949481536,-1.286047621,0
7.850598081,27.01486051,5.054449994,3.297753849,1.343763804,2.712670411,1
7.851336938,22.49961813,4.763351799,8.552529348,3.842118137,4.973194851,0
7.85280321,24.57865576,6.918346131,-.630844823,5.411122993,.721862495,1
7.857954763,22.3166254,4.03191008,-.878373595,.824430984,-1.198633062,1
7.864943214,24.69775892,-6.182366276,-3.417259215,1.464499078,1.146894181,0
7.909751703,25.3221273,-.491659244,.193873081,2.165462122,-.617874929,1
7.960498798,23.50924584,.702152665,.376684211,.436308268,.337416348,0
7.985488261,21.59090984,-.917200541,1.099810721,-1.599324737,-.017750546,1
8.027129941,22.42907914,3.193002646,2.403802649,2.795824501,1.972543162,1
8.042461341,24.52602792,1.566626735,-4.265420209,3.984009578,5.403250862,0
8.124130427,22.23800901,.129216995,.714942566,4.717708596,-.981624553,0
8.155300261,22.82472255,3.830981244,3.764014319,4.770164735,7.130597496,1
8.163235979,20.41801575,10.16368098,5.234974624,10.34951032,6.936295688,1
8.237311585,21.18371298,.054572,1.526872523,-2.707663585,-.343709491,0
8.276990615,25.07576359,-2.876088588,5.612483249,-.139814258,3.112876841,1
8.33526673,22.69966116,-.780961968,-1.281840375,-6.414312899,-4.952737005,0
8.387324187,23.21851293,-2.804563625,.472805129,3.336183583,4.20472517,1
8.41249613,23.40095058,4.036343082,8.332918239,7.215150688,3.078074097,1
8.435265757,21.02880626,1.445615073,2.71509639,1.351573268,1.478459466,1
8.528414348,25.30866952,.36462644,1.398653313,.454718128,-.332992632,1
8.590683493,21.21661873,.413101196,-2.09077388,.493440456,-1.198259401,1
8.607695451,23.77672688,3.218963513,1.16423351,3.317844146,4.06391146,0
8.60812902,22.52295169,3.024306841,.410358074,3.516636979,1.474397054,0
8.610549166,21.32507907,11.79161027,6.900956839,11.85541117,6.428519904,0
8.647611858,22.08257603,4.841737481,7.463124599,3.144362514,3.716004392,1
8.662225653,24.69577391,3.767400196,3.642205437,.701083145,3.069678982,0
8.710304657,21.946105,3.643487308,2.11448405,3.211190383,-.824475285,1
8.834513219,24.23583509,2.482104332,1.993658261,-.785501533,-.683748342,0
8.876242498,21.18452554,-.376706319,-2.984094704,-.627557212,-1.242834143,1
9.06495811,21.79311134,3.594838251,.838645487,.262642042,-4.410300363,0
9.07581022,24.58715566,-5.04855655,1.301755189,-2.630992813,1.652525467,1
9.148331366,21.72687252,7.267249131,4.247801322,5.430784798,1.706290988,0
9.177251588,21.99344315,.387942733,-1.367975207,-.689322568,-2.588396607,1
9.2539529,23.82568118,2.820079936,.235205246,.035123121,.235918616,1
9.31499112,21.17198363,-4.775033652,-.269994827,-3.769355897,1.993533662,0
9.429870493,24.84364999,-4.824051317,-3.810441267,-2.860142916,-3.55430515,0
9.454982144,24.1371617,.561635154,1.134065015,5.353607451,4.085750093,0
9.506455615,24.04069161,-.120564041,-.115803135,2.123999406,2.312454053,1
9.521422206,25.02523346,-1.042717132,-2.442568034,-.946522385,-2.75362414,0
9.565488427,24.08792512,-1.102857141,1.734176209,-.224551933,.155428916,1
9.617813598,25.35863266,.796988326,-2.381237765,-2.883108118,-3.103994849,1
9.653467128,22.92760805,4.972106324,.418169671,4.960372561,2.529106124,1
9.726993435,22.31084701,-3.002155286,.398503476,-3.534560064,-5.353888,0
9.813979241,22.80888213,-3.497938527,-.606413854,-7.906059657,-5.307129366,0
9.998452577,24.24802527,-7.098453076,-6.677152466,4.034088457,1.199130327,0
10.08691912,21.7985625,-1.653640478,-4.182791115,1.422262277,-1.305626366,1
10.14601022,22.18841276,4.069221424,-1.102055996,.894726617,.057975629,1
10.2720773,25.7599629,2.542292669,2.199663451,3.956371866,1.583654294,0
10.3383465,23.09894115,-2.021485377,-.187627996,-2.317173578,-1.524199137,1
10.37699137,21.98486623,7.695343069,5.99858306,2.318835264,.813041283,0
10.54897264,22.04004768,2.870533785,5.598171912,-2.916877267,2.19821174,1
11.13733305,23.33969376,2.502748622,1.854267832,-.681292457,-1.526261847,0
11.1664965,28.07608751,-1.333948522,.305677573,4.015212297,2.804662822,0
11.49668341,23.89798678,-7.220186206,-3.505299089,-4.382983037,-.866084266,1
12.76258529,25.91574834,-1.500261578,-4.444778037,-4.009054077,-5.823826756,0
